emotion,precision,recall,f1_score,support
angry,1.0,1.0,1.0,80
disgust,1.0,0.9875,0.9937106918238994,80
fear,1.0,1.0,1.0,80
happy,0.9058823529411765,0.9625,0.9333333333333333,80
neutral,0.9411764705882353,1.0,0.9696969696969697,80
pleasant_surprise,0.96,0.9,0.9290322580645162,80
sad,1.0,0.95,0.9743589743589743,80
