emotion,precision,recall,f1_score,support
angry,1.0,1.0,1.0,80
disgust,1.0,0.9875,0.9937106918238994,80
fear,1.0,1.0,1.0,80
happy,0.9166666666666666,0.9625,0.9390243902439025,80
neutral,0.9523809523809523,1.0,0.975609756097561,80
pleasant_surprise,0.948051948051948,0.9125,0.929936305732484,80
sad,1.0,0.95,0.9743589743589743,80
