emotion,precision,recall,f1_score,support
angry,0.18110236220472442,0.14375,0.16027874564459932,320
disgust,0.18181818181818182,0.1,0.12903225806451613,320
fear,0.18232044198895028,0.20625,0.1935483870967742,320
happy,0.17391304347826086,0.1625,0.1680129240710824,320
neutral,0.17964071856287425,0.28125,0.2192448233861145,320
pleasant_surprise,0.17940199335548174,0.16875,0.17391304347826086,320
sad,0.1729106628242075,0.1875,0.17991004497751123,320
